OrderID,OrderDate,SalesChannel,CustomerID,CustomerName,City,Region,SalespersonID,SalespersonName,ProductID,ProductCategory,ProductName,Quantity,UnitPrice,TotalRevenue
ORD1000,2024-02-27,Online,CUST168,Priya,,,SP36,Kevin,PROD73,,TV,1.0,1500.0,750.0
ORD1001,2024-01-13,Offline,CUST177,Sara,Delhi,,SP7,Raj,PROD26,electronics,Shirt,4.0,-100.0,-400.0
ORD1002,2024-05-20,Store,CUST2,Priya,Delhi,NORTH,SP21,Megha,PROD76,Home,Shirt,2.0,,
ORD1003,2024-05-05,store,CUST193,Priya,Hyderabad,North,SP16,Sam,PROD70,electronics,TV,5.0,1500.0,7500.0
ORD1004,2024-04-24,ONLINE,CUST198,priya,Bengaluru,,SP30,Anita,PROD24,Home,TV,1.0,-100.0,-100.0
ORD1005,2024-03-12,,CUST28,Amit,,,SP8,Sam,PROD88,Clothing,Shirt,-1.0,1500.0,-1500.0
ORD1006,2024-02-22,Online,CUST200,,Delhi,West,SP18,Megha,PROD99,Clothing,Laptop,,500.0,
ORD1007,2024-10-06,Offline,CUST109,John,Mumbai,NORTH,SP29,,PROD71,Home,Sofa,4.0,2500.0,10000.0
ORD1008,2024-02-14,Store,CUST57,Priya,mumbai,East,SP16,Megha,PROD4,Electronics,Laptop,5.0,-100.0,-250.0
ORD1009,2024-08-04,store,CUST46,Sara,,North,SP10,Raj,PROD94,Clothing,shirt,3.0,,
ORD1010,2024-01-17,ONLINE,CUST179,priya,Mumbai,East,SP7,Raj,PROD60,,TV,4.0,,
ORD1011,2024-01-16,,CUST133,Sara,Delhi,East,SP4,Kevin,PROD91,,Watch,1.0,2000.0,2000.0
ORD1012,2024-02-17,Online,CUST119,Priya,Mumbai,South,SP19,Anita,PROD27,,TV,-1.0,,
ORD1013,2024-04-21,Offline,CUST13,priya,Bengaluru,South,SP25,,PROD57,,Shirt,-1.0,2500.0,-2500.0
ORD1014,2024-04-29,Store,CUST143,Sara,,East,SP40,,PROD38,Home,Watch,2.0,2500.0,5000.0
ORD1015,2024-09-15,store,CUST64,,,West,SP27,Sam,PROD89,Electronics,Watch,2.0,,
ORD1016,2024-01-14,ONLINE,CUST32,,Delhi,South,SP16,Anita,PROD9,Home,Sofa,2.0,-100.0,-200.0
ORD1017,2024-10-14,,CUST117,David,Hyderabad,South,SP11,Sam,PROD53,Clothing,shirt,3.0,1500.0,4500.0
ORD1018,2024-04-11,Online,CUST35,Amit,Bengaluru,South,SP21,Anita,PROD87,,TV,4.0,2000.0,8000.0
ORD1019,2024-10-06,Offline,CUST119,Sara,Mumbai,South,SP37,Megha,PROD64,,Sofa,5.0,2500.0,12500.0
ORD1020,2024-08-02,Store,CUST171,Amit,Delhi,North,SP47,Megha,PROD18,,shirt,4.0,2000.0,8000.0
ORD1021,2024-04-22,store,CUST136,Priya,Bengaluru,East,SP21,Anita,PROD82,Clothing,Laptop,2.0,2000.0,4000.0
ORD1022,2024-08-17,ONLINE,CUST144,Priya,Mumbai,North,SP13,Kevin,PROD39,electronics,Watch,3.0,2500.0,7500.0
ORD1023,2024-05-22,,CUST153,Priya,Delhi,NORTH,SP49,Megha,PROD31,Home,Sofa,-1.0,1500.0,-1500.0
ORD1024,2024-01-04,Online,CUST82,Amit,mumbai,NORTH,SP11,Kevin,PROD33,Electronics,Laptop,,1500.0,
ORD1025,2024-03-22,Offline,CUST194,,Chennai,,SP32,Megha,PROD85,Clothing,TV,2.0,2500.0,5000.0
ORD1026,2024-08-04,Store,CUST114,Sara,Hyderabad,NORTH,SP33,,PROD20,electronics,TV,-1.0,,
ORD1027,2024-06-23,store,CUST157,,Mumbai,North,SP30,Raj,PROD92,electronics,Shirt,1.0,-100.0,-100.0
ORD1028,2024-05-22,ONLINE,CUST185,David,mumbai,,SP32,Raj,PROD55,Electronics,Laptop,4.0,-100.0,-400.0
ORD1029,2024-03-20,,CUST130,,Mumbai,East,SP20,,PROD49,Clothing,Laptop,3.0,,
ORD1030,2024-04-20,Online,CUST110,Amit,Chennai,NORTH,SP32,Anita,PROD10,electronics,Sofa,,2000.0,
ORD1031,2024-06-21,Offline,CUST141,priya,Chennai,South,SP2,Sam,PROD58,,shirt,2.0,-100.0,-200.0
ORD1032,2024-02-22,Store,CUST115,,,NORTH,SP6,Raj,PROD77,Electronics,Watch,3.0,,
ORD1033,2024-02-17,store,CUST41,David,Bengaluru,West,SP26,Megha,PROD62,,shirt,,2000.0,
ORD1034,2024-07-13,ONLINE,CUST191,Sara,Hyderabad,South,SP33,Megha,PROD75,Electronics,shirt,1.0,-100.0,-100.0
ORD1035,2024-02-19,,CUST122,Sara,Hyderabad,South,SP30,Raj,PROD52,Home,Watch,1.0,-100.0,-100.0
ORD1036,2024-07-02,Online,CUST116,Amit,Mumbai,South,SP16,Raj,PROD69,Home,Shirt,4.0,,
ORD1037,2024-06-25,Offline,CUST67,John,Chennai,,SP14,Sam,PROD65,Clothing,shirt,3.0,-100.0,-300.0
ORD1038,2024-05-15,Store,CUST193,David,Hyderabad,NORTH,SP38,Raj,PROD89,electronics,Shirt,2.0,1500.0,3000.0
ORD1039,2024-01-23,store,CUST64,Priya,Delhi,South,SP23,Anita,PROD54,,Shirt,-1.0,1500.0,-1500.0
ORD1040,2024-08-23,ONLINE,CUST164,David,Hyderabad,,SP4,Sam,PROD70,electronics,Laptop,-1.0,1500.0,-1500.0
ORD1041,2024-10-01,,CUST71,,Mumbai,West,SP4,,PROD5,Home,TV,2.0,,
ORD1042,2024-03-04,Online,CUST197,Sara,mumbai,North,SP19,,PROD47,,TV,5.0,-100.0,-500.0
ORD1043,2024-07-12,Offline,CUST200,priya,,West,SP32,Raj,PROD90,Clothing,Sofa,-1.0,2000.0,-2000.0
ORD1044,2024-02-10,Store,CUST134,Sara,,East,SP39,Megha,PROD69,electronics,Watch,2.0,-100.0,-200.0
ORD1045,2024-10-09,store,CUST125,,mumbai,,SP42,,PROD77,Electronics,Watch,4.0,2000.0,8000.0
ORD1046,2024-05-30,ONLINE,CUST161,Amit,Hyderabad,,SP44,Raj,PROD82,Electronics,,-1.0,-100.0,50.0
ORD1047,2024-07-04,,CUST62,John,Bengaluru,South,SP31,Anita,PROD11,,Sofa,-1.0,1500.0,-1500.0
ORD1048,2024-10-22,Online,CUST71,Priya,Chennai,West,SP19,Anita,PROD14,Electronics,Laptop,-1.0,-100.0,100.0
ORD1049,2024-04-08,Offline,CUST113,David,mumbai,NORTH,SP35,Megha,PROD99,Electronics,TV,1.0,-100.0,-100.0
ORD1050,2024-02-05,Store,CUST20,John,Mumbai,East,SP1,Sam,PROD32,Home,Shirt,2.0,1500.0,3000.0
ORD1051,2024-01-24,store,CUST183,Priya,Mumbai,,SP7,Megha,PROD85,Clothing,TV,5.0,,
ORD1052,2024-04-26,ONLINE,CUST74,Sara,Chennai,West,SP28,Raj,PROD86,Electronics,Sofa,4.0,,
ORD1053,2024-05-28,,CUST61,priya,,South,SP9,Megha,PROD46,Electronics,TV,,-100.0,
ORD1054,2024-02-10,Online,CUST70,Sara,Chennai,NORTH,SP17,Sam,PROD22,electronics,Shirt,4.0,-100.0,-400.0
ORD1055,2024-04-29,Offline,CUST86,Amit,Chennai,South,SP47,Kevin,PROD83,,,4.0,2000.0,8000.0
ORD1056,2024-02-21,Store,CUST82,Amit,mumbai,East,SP24,Megha,PROD79,Home,shirt,4.0,-100.0,-400.0
ORD1057,2024-07-13,store,CUST139,priya,Mumbai,West,SP49,,PROD6,,shirt,4.0,500.0,2000.0
ORD1058,2024-05-22,ONLINE,CUST21,David,Chennai,South,SP26,Sam,PROD73,electronics,Watch,4.0,2000.0,8000.0
ORD1059,2024-08-20,,CUST36,,mumbai,East,SP24,Kevin,PROD83,electronics,Sofa,1.0,,
ORD1060,2024-07-05,Online,CUST39,John,Chennai,,SP3,Sam,PROD87,electronics,Laptop,1.0,2500.0,2500.0
ORD1061,2024-03-24,Offline,CUST60,priya,Mumbai,NORTH,SP26,Sam,PROD83,Electronics,TV,5.0,,
ORD1062,2024-07-08,Store,CUST99,John,Mumbai,West,SP4,,PROD52,,TV,2.0,,
ORD1063,2024-06-30,store,CUST178,Priya,Bengaluru,West,SP37,Kevin,PROD97,,Laptop,,-100.0,
ORD1064,2024-04-17,ONLINE,CUST40,David,Hyderabad,East,SP36,Megha,PROD43,,Laptop,3.0,-100.0,-300.0
ORD1065,2024-05-16,,CUST181,Amit,Delhi,West,SP13,Kevin,PROD56,Clothing,shirt,1.0,2500.0,2500.0
ORD1066,2024-02-06,Online,CUST55,David,Mumbai,NORTH,SP24,Megha,PROD14,Home,Shirt,3.0,-100.0,-300.0
ORD1067,2024-03-28,Offline,CUST17,Sara,Delhi,NORTH,SP36,,PROD2,Electronics,TV,-1.0,-100.0,100.0
ORD1068,2024-09-30,Store,CUST107,Amit,Bengaluru,West,SP19,Sam,PROD13,Home,Sofa,-1.0,,
ORD1069,2024-05-05,store,CUST105,John,Hyderabad,South,SP5,Megha,PROD34,Electronics,,5.0,2000.0,5000.0
ORD1070,2024-03-24,ONLINE,CUST85,,mumbai,South,SP25,Anita,PROD29,,TV,2.0,2500.0,2500.0
ORD1071,2024-08-24,,CUST139,Amit,Hyderabad,NORTH,SP33,Kevin,PROD66,Clothing,Shirt,1.0,500.0,500.0
ORD1072,2024-07-13,Online,CUST120,Sara,Hyderabad,South,SP29,Kevin,PROD96,Clothing,,,,
ORD1073,2024-05-18,Offline,CUST107,Amit,mumbai,East,SP49,Raj,PROD67,,Sofa,1.0,500.0,500.0
ORD1074,2024-10-12,Store,CUST16,priya,Bengaluru,North,SP36,Sam,PROD72,Home,Sofa,,500.0,
ORD1075,2024-04-22,store,CUST53,,Chennai,,SP18,Sam,PROD75,electronics,Sofa,,2500.0,
ORD1076,2024-06-15,ONLINE,CUST108,John,Hyderabad,West,SP40,,PROD89,,shirt,2.0,1500.0,3000.0
ORD1077,2024-01-29,,CUST100,Sara,Hyderabad,East,SP44,Megha,PROD74,Electronics,Shirt,2.0,500.0,500.0
ORD1078,2024-04-27,Online,CUST198,priya,Bengaluru,NORTH,SP40,,PROD29,Home,TV,,-100.0,
ORD1079,2024-01-17,Offline,CUST150,Priya,Chennai,North,SP8,,PROD58,electronics,shirt,3.0,500.0,1500.0
ORD1080,2024-06-10,Store,CUST179,David,Hyderabad,,SP9,Anita,PROD48,Clothing,Watch,3.0,1500.0,2250.0
ORD1081,2024-07-24,store,CUST6,priya,Hyderabad,NORTH,SP7,Sam,PROD51,Electronics,Sofa,2.0,2000.0,4000.0
ORD1082,2024-05-17,ONLINE,CUST196,Priya,Chennai,North,SP26,Anita,PROD60,Clothing,Laptop,1.0,1500.0,1500.0
ORD1083,2024-02-03,,CUST148,Sara,Mumbai,East,SP24,Raj,PROD99,Electronics,Shirt,4.0,2000.0,8000.0
ORD1084,2024-04-18,Online,CUST98,,,North,SP22,Kevin,PROD87,electronics,Sofa,5.0,-100.0,-500.0
ORD1085,2024-10-17,Offline,CUST123,Sara,mumbai,South,SP36,,PROD76,Electronics,Shirt,5.0,2000.0,10000.0
ORD1086,2024-06-10,Store,CUST2,Sara,Mumbai,East,SP24,,PROD89,electronics,Laptop,3.0,1500.0,2250.0
ORD1087,2024-04-18,store,CUST91,John,,West,SP49,Anita,PROD65,,Sofa,2.0,500.0,1000.0
ORD1088,2024-09-12,ONLINE,CUST77,Sara,mumbai,NORTH,SP10,Sam,PROD20,,TV,1.0,-100.0,-100.0
ORD1089,2024-07-21,,CUST193,David,mumbai,South,SP13,Kevin,PROD45,Electronics,Shirt,-1.0,2000.0,-2000.0
ORD1090,2024-08-22,Online,CUST100,John,,West,SP39,,PROD4,Home,Sofa,1.0,1500.0,750.0
ORD1091,2024-03-14,Offline,CUST108,Sara,Hyderabad,North,SP33,Anita,PROD62,Clothing,Sofa,3.0,,
ORD1092,2024-05-15,Store,CUST138,John,mumbai,South,SP26,Anita,PROD14,Electronics,Shirt,3.0,500.0,1500.0
ORD1093,2024-03-12,store,CUST192,David,,West,SP33,Megha,PROD38,Electronics,Laptop,4.0,2000.0,8000.0
ORD1094,2024-05-06,ONLINE,CUST189,David,Delhi,East,SP3,Kevin,PROD54,Clothing,,,2500.0,
ORD1095,2024-10-14,,CUST140,priya,Chennai,North,SP3,Anita,PROD11,Electronics,Shirt,5.0,500.0,2500.0
ORD1096,2024-10-02,Online,CUST155,John,Chennai,West,SP3,Megha,PROD15,Clothing,Watch,5.0,,
ORD1097,2024-05-14,Offline,CUST57,,Delhi,North,SP9,Sam,PROD94,electronics,TV,5.0,-100.0,-500.0
ORD1098,2024-10-26,Store,CUST125,Amit,Chennai,West,SP46,Anita,PROD19,Home,Laptop,3.0,-100.0,-300.0
ORD1099,2024-08-07,store,CUST57,Priya,Bengaluru,NORTH,SP22,Megha,PROD45,,,4.0,,
ORD1100,2024-10-25,ONLINE,CUST70,,,East,SP31,Megha,PROD40,,shirt,,1500.0,
ORD1101,2024-07-23,,CUST112,,Chennai,South,SP34,Kevin,PROD44,Home,shirt,2.0,-100.0,-200.0
ORD1102,2024-07-04,Online,CUST125,,Chennai,West,SP30,,PROD59,Clothing,TV,3.0,-100.0,-300.0
ORD1103,2024-04-22,Offline,CUST8,Sara,Chennai,North,SP10,Megha,PROD27,Home,TV,4.0,,
ORD1104,2024-03-11,Store,CUST100,Priya,mumbai,East,SP39,Anita,PROD67,Clothing,shirt,3.0,2500.0,7500.0
ORD1105,2024-09-17,store,CUST87,,Mumbai,South,SP33,Raj,PROD62,Home,Shirt,-1.0,1500.0,-1500.0
ORD1106,2024-09-09,ONLINE,CUST172,David,Bengaluru,North,SP9,Sam,PROD45,Electronics,,2.0,,
ORD1107,2024-02-16,,CUST174,Priya,Chennai,East,SP21,Anita,PROD61,Electronics,Watch,2.0,-100.0,-200.0
ORD1108,2024-01-25,Online,CUST104,,Bengaluru,North,SP40,Anita,PROD13,Home,Sofa,-1.0,2000.0,-2000.0
ORD1109,2024-02-26,Offline,CUST186,Amit,mumbai,,SP21,Sam,PROD57,electronics,,4.0,-100.0,-400.0
ORD1110,2024-03-19,Store,CUST43,Priya,Bengaluru,,SP11,Sam,PROD93,Home,Watch,1.0,-100.0,-100.0
ORD1111,2024-03-22,store,CUST120,priya,Bengaluru,East,SP26,Megha,PROD90,,Laptop,2.0,500.0,1000.0
ORD1112,2024-08-04,ONLINE,CUST33,Priya,Delhi,South,SP40,Anita,PROD58,Electronics,Watch,2.0,2500.0,5000.0
ORD1113,2024-02-02,,CUST160,,mumbai,South,SP48,Megha,PROD41,Home,TV,,2500.0,
ORD1114,2024-07-16,Online,CUST137,David,Chennai,North,SP20,Kevin,PROD9,,,2.0,2500.0,5000.0
ORD1115,2024-07-14,Offline,CUST7,David,Mumbai,East,SP38,Megha,PROD39,Electronics,Sofa,2.0,-100.0,-200.0
ORD1116,2024-08-27,Store,CUST101,priya,Mumbai,West,SP22,Kevin,PROD6,electronics,,,2000.0,
ORD1117,2024-09-27,store,CUST152,Sara,,,SP33,,PROD91,electronics,Watch,1.0,,
ORD1118,2024-05-08,ONLINE,CUST145,,Mumbai,South,SP33,Raj,PROD15,,Sofa,5.0,500.0,2500.0
ORD1119,2024-10-10,,CUST170,John,Mumbai,,SP35,Anita,PROD3,Home,Watch,5.0,500.0,2500.0
ORD1120,2024-01-06,Online,CUST7,Sara,Chennai,West,SP32,Kevin,PROD44,Electronics,shirt,2.0,-100.0,-200.0
ORD1121,2024-02-28,Offline,CUST22,David,Mumbai,West,SP46,Raj,PROD83,electronics,,1.0,2000.0,2000.0
ORD1122,2024-10-01,Store,CUST165,Sara,mumbai,NORTH,SP37,Sam,PROD14,,Sofa,3.0,1500.0,4500.0
ORD1123,2024-05-16,store,CUST110,Priya,mumbai,North,SP20,,PROD87,Clothing,Watch,,,
ORD1124,2024-06-23,ONLINE,CUST35,Priya,Bengaluru,North,SP31,Megha,PROD22,Home,Laptop,,2500.0,
ORD1125,2024-02-27,,CUST119,David,,North,SP2,Raj,PROD95,Clothing,Sofa,-1.0,1500.0,-1500.0
ORD1126,2024-05-30,Online,CUST47,,Delhi,East,SP24,Kevin,PROD32,Home,Shirt,1.0,-100.0,-50.0
ORD1127,2024-08-10,Offline,CUST13,David,Hyderabad,South,SP22,Anita,PROD67,Electronics,TV,4.0,-100.0,-400.0
ORD1128,2024-03-21,Store,CUST67,Sara,Mumbai,South,SP44,,PROD23,,Sofa,,-100.0,
ORD1129,2024-08-20,store,CUST98,Sara,Hyderabad,NORTH,SP8,Sam,PROD71,Electronics,,3.0,-100.0,-300.0
ORD1130,2024-01-02,ONLINE,CUST84,Priya,Hyderabad,,SP27,Sam,PROD21,Clothing,shirt,-1.0,2000.0,-1000.0
ORD1131,2024-05-14,,CUST55,,Hyderabad,NORTH,SP38,Raj,PROD43,,TV,5.0,,
ORD1132,2024-09-13,Online,CUST117,John,Bengaluru,NORTH,SP20,Raj,PROD72,Electronics,Watch,5.0,,
ORD1133,2024-04-01,Offline,CUST84,priya,mumbai,West,SP47,Megha,PROD55,Electronics,Watch,1.0,-100.0,-100.0
ORD1134,2024-09-16,Store,CUST87,John,Mumbai,North,SP45,Sam,PROD60,Electronics,Watch,5.0,,
ORD1135,2024-02-24,store,CUST195,David,Chennai,East,SP41,,PROD30,Clothing,,1.0,1500.0,1500.0
ORD1136,2024-06-01,ONLINE,CUST98,Sara,Bengaluru,South,SP2,,PROD52,Electronics,Watch,,-100.0,
ORD1137,2024-09-16,,CUST72,John,,East,SP39,Sam,PROD81,electronics,shirt,1.0,1500.0,1500.0
ORD1138,2024-04-11,Online,CUST193,,mumbai,North,SP31,Megha,PROD24,Home,Watch,,2000.0,
ORD1139,2024-03-19,Offline,CUST108,,,North,SP17,Anita,PROD24,electronics,Laptop,-1.0,2500.0,-2500.0
ORD1140,2024-07-10,Store,CUST65,Sara,Chennai,South,SP42,Megha,PROD82,Clothing,TV,1.0,1500.0,1500.0
ORD1141,2024-03-23,store,CUST21,Amit,,West,SP50,Kevin,PROD85,Clothing,,1.0,-100.0,-100.0
ORD1142,2024-10-03,ONLINE,CUST121,Priya,mumbai,,SP38,Kevin,PROD56,Electronics,Sofa,,500.0,
ORD1143,2024-09-28,,CUST5,priya,Mumbai,NORTH,SP37,Raj,PROD51,,Laptop,1.0,1500.0,1500.0
ORD1144,2024-01-01,Online,CUST192,Sara,Bengaluru,West,SP15,Megha,PROD4,electronics,Laptop,4.0,1500.0,6000.0
ORD1145,2024-06-14,Offline,CUST139,priya,Hyderabad,North,SP47,Megha,PROD95,Clothing,Laptop,4.0,-100.0,-400.0
ORD1146,2024-09-07,Store,CUST14,,Bengaluru,North,SP4,,PROD79,Home,,4.0,,
ORD1147,2024-01-10,store,CUST90,Sara,Bengaluru,West,SP38,Raj,PROD26,Clothing,Laptop,1.0,500.0,500.0
ORD1148,2024-02-27,ONLINE,CUST58,Sara,Mumbai,NORTH,SP31,,PROD58,electronics,Laptop,5.0,2500.0,12500.0
ORD1149,2024-07-04,,CUST167,priya,Hyderabad,NORTH,SP11,Anita,PROD76,Home,TV,3.0,500.0,1500.0
ORD1150,2024-06-06,Online,CUST18,,Hyderabad,North,SP34,Megha,PROD55,Home,Sofa,4.0,2500.0,5000.0
ORD1151,2024-05-02,Offline,CUST200,,Delhi,,SP41,,PROD50,Electronics,TV,,2000.0,
ORD1152,2024-01-30,Store,CUST167,priya,Delhi,NORTH,SP47,Sam,PROD1,,shirt,2.0,,
ORD1153,2024-05-03,store,CUST11,John,mumbai,NORTH,SP40,,PROD91,Home,Sofa,2.0,2000.0,4000.0
ORD1154,2024-10-17,ONLINE,CUST194,Sara,Chennai,South,SP50,Megha,PROD28,Electronics,Laptop,,1500.0,
ORD1155,2024-02-10,,CUST8,Amit,Delhi,,SP25,Anita,PROD27,,,,1500.0,
ORD1156,2024-02-13,Online,CUST64,John,,South,SP10,Megha,PROD36,Electronics,shirt,,,
ORD1157,2024-09-05,Offline,CUST52,David,Mumbai,East,SP44,Sam,PROD97,Clothing,Laptop,1.0,2000.0,2000.0
ORD1158,2024-02-05,Store,CUST6,David,Bengaluru,West,SP16,Kevin,PROD91,Clothing,,3.0,500.0,1500.0
ORD1159,2024-09-29,store,CUST160,Priya,,North,SP3,Kevin,PROD9,,Watch,4.0,2000.0,8000.0
ORD1160,2024-03-05,ONLINE,CUST40,,Hyderabad,NORTH,SP37,Anita,PROD74,Electronics,Shirt,,2500.0,
ORD1161,2024-03-06,,CUST62,Amit,Bengaluru,East,SP45,Anita,PROD14,electronics,Shirt,1.0,-100.0,-100.0
ORD1162,2024-08-31,Online,CUST33,,Mumbai,South,SP8,Sam,PROD69,Electronics,shirt,,1500.0,
ORD1163,2024-10-08,Offline,CUST122,,,NORTH,SP13,,PROD24,electronics,,5.0,500.0,2500.0
ORD1164,2024-03-25,Store,CUST172,Sara,Bengaluru,West,SP2,Kevin,PROD47,Home,TV,3.0,1500.0,4500.0
ORD1165,2024-05-15,store,CUST30,Amit,Hyderabad,South,SP29,Kevin,PROD42,Home,TV,5.0,2000.0,10000.0
ORD1166,2024-09-27,ONLINE,CUST145,David,Delhi,,SP21,Kevin,PROD26,Home,Sofa,5.0,,
ORD1167,2024-08-04,,CUST56,Sara,,,SP27,Kevin,PROD59,Electronics,Watch,,500.0,
ORD1168,2024-04-18,Online,CUST120,Amit,Chennai,North,SP10,Sam,PROD15,,Sofa,2.0,-100.0,-200.0
ORD1169,2024-10-03,Offline,CUST180,priya,,NORTH,SP27,Anita,PROD34,electronics,Watch,4.0,,
ORD1170,2024-04-12,Store,CUST66,John,Hyderabad,East,SP45,Anita,PROD86,Electronics,Shirt,-1.0,-100.0,50.0
ORD1171,2024-06-08,store,CUST197,Sara,,North,SP14,Raj,PROD63,Home,,1.0,2000.0,2000.0
ORD1172,2024-07-23,ONLINE,CUST95,,,NORTH,SP27,,PROD68,Clothing,Shirt,5.0,2500.0,12500.0
ORD1173,2024-07-10,,CUST43,priya,Hyderabad,NORTH,SP33,Anita,PROD82,Home,Watch,,,
ORD1174,2024-08-12,Online,CUST156,John,Hyderabad,NORTH,SP50,Kevin,PROD41,,Sofa,5.0,,
ORD1175,2024-09-21,Offline,CUST156,Amit,mumbai,NORTH,SP40,Megha,PROD77,Home,,1.0,2000.0,2000.0
ORD1176,2024-08-19,Store,CUST192,Sara,mumbai,NORTH,SP31,Kevin,PROD50,,TV,3.0,500.0,1500.0
ORD1177,2024-03-02,store,CUST184,,Hyderabad,North,SP48,Kevin,PROD79,Clothing,,1.0,-100.0,-100.0
ORD1178,2024-05-06,ONLINE,CUST30,Priya,Mumbai,West,SP47,Anita,PROD51,electronics,shirt,-1.0,2000.0,-2000.0
ORD1179,2024-04-25,,CUST200,Priya,Hyderabad,West,SP4,Raj,PROD76,Home,Watch,1.0,,
ORD1180,2024-02-02,Online,CUST42,David,mumbai,North,SP46,Sam,PROD15,,Watch,4.0,1500.0,6000.0
ORD1181,2024-06-22,Offline,CUST80,priya,,,SP9,Megha,PROD45,electronics,Watch,2.0,1500.0,3000.0
ORD1182,2024-01-11,Store,CUST28,Sara,mumbai,West,SP34,,PROD46,Clothing,,5.0,,
ORD1183,2024-10-10,store,CUST149,priya,Bengaluru,East,SP14,Megha,PROD59,,Sofa,2.0,500.0,1000.0
ORD1184,2024-04-27,ONLINE,CUST7,Amit,Mumbai,East,SP36,Raj,PROD80,Clothing,TV,-1.0,,
ORD1185,2024-04-22,,CUST80,,Delhi,,SP21,Kevin,PROD23,Clothing,Sofa,3.0,1500.0,4500.0
ORD1186,2024-01-04,Online,CUST148,Priya,Bengaluru,North,SP43,Sam,PROD87,Electronics,Laptop,-1.0,2500.0,-2500.0
ORD1187,2024-02-06,Offline,CUST174,,mumbai,East,SP31,Sam,PROD91,electronics,Laptop,5.0,,
ORD1188,2024-01-31,Store,CUST97,priya,,North,SP34,Sam,PROD39,Electronics,Watch,2.0,,
ORD1189,2024-04-27,store,CUST102,,Bengaluru,East,SP25,,PROD79,Clothing,Watch,3.0,2500.0,7500.0
ORD1190,2024-02-04,ONLINE,CUST184,David,Bengaluru,South,SP21,Anita,PROD76,,Watch,,500.0,
ORD1191,2024-01-17,,CUST51,Sara,Bengaluru,,SP12,Kevin,PROD11,Home,,4.0,2000.0,4000.0
ORD1192,2024-06-18,Online,CUST20,Priya,Mumbai,,SP30,Megha,PROD87,Electronics,TV,3.0,1500.0,4500.0
ORD1193,2024-02-06,Offline,CUST152,priya,Delhi,,SP35,Megha,PROD18,Home,TV,2.0,1500.0,3000.0
ORD1194,2024-09-20,Store,CUST177,priya,,North,SP22,Kevin,PROD41,Electronics,Watch,1.0,-100.0,-100.0
ORD1195,2024-05-01,store,CUST161,,Delhi,NORTH,SP35,Megha,PROD16,electronics,,5.0,2000.0,10000.0
ORD1196,2024-05-22,ONLINE,CUST63,Sara,Hyderabad,,SP23,Anita,PROD31,Home,TV,4.0,2000.0,8000.0
ORD1197,2024-09-05,,CUST27,,mumbai,East,SP44,Sam,PROD40,Electronics,,2.0,2000.0,4000.0
ORD1198,2024-04-19,Online,CUST179,David,Chennai,South,SP50,Megha,PROD15,Clothing,Shirt,,2000.0,
ORD1199,2024-10-03,Offline,CUST198,Amit,Mumbai,North,SP47,Anita,PROD24,,,4.0,1500.0,6000.0
ORD1200,2024-03-08,Store,CUST78,David,Delhi,East,SP44,Sam,PROD48,Clothing,Watch,3.0,,
ORD1201,2024-10-19,store,CUST176,Amit,mumbai,NORTH,SP42,,PROD89,electronics,Shirt,2.0,,
ORD1202,2024-10-22,ONLINE,CUST154,John,mumbai,East,SP45,,PROD19,electronics,Sofa,1.0,2500.0,2500.0
ORD1203,2024-08-30,,CUST31,priya,Mumbai,,SP17,Kevin,PROD66,Electronics,Shirt,1.0,,
ORD1204,2024-05-04,Online,CUST145,priya,Mumbai,South,SP40,Kevin,PROD50,Clothing,Sofa,,-100.0,
ORD1205,2024-08-30,Offline,CUST11,Priya,mumbai,,SP31,Anita,PROD54,Home,shirt,1.0,500.0,500.0
ORD1206,2024-07-27,Store,CUST89,John,Hyderabad,West,SP13,,PROD77,Electronics,Sofa,1.0,500.0,500.0
ORD1207,2024-04-07,store,CUST137,priya,Delhi,,SP16,,PROD18,Electronics,Watch,-1.0,-100.0,100.0
ORD1208,2024-02-18,ONLINE,CUST110,Amit,Chennai,West,SP18,,PROD74,Clothing,Watch,5.0,2000.0,10000.0
ORD1209,2024-02-19,,CUST170,Sara,Chennai,,SP36,Anita,PROD50,,Sofa,,2500.0,
ORD1210,2024-08-08,Online,CUST95,Amit,Chennai,South,SP20,Anita,PROD55,electronics,TV,4.0,1500.0,6000.0
ORD1211,2024-06-30,Offline,CUST18,,Bengaluru,South,SP15,Megha,PROD24,Home,Laptop,2.0,-100.0,-200.0
ORD1212,2024-08-04,Store,CUST130,priya,Delhi,North,SP20,,PROD63,electronics,Shirt,1.0,,
ORD1213,2024-07-29,store,CUST166,priya,Bengaluru,,SP50,Kevin,PROD82,Electronics,Sofa,-1.0,,
ORD1214,2024-08-27,ONLINE,CUST88,,Bengaluru,West,SP19,Megha,PROD69,,Laptop,5.0,1500.0,7500.0
ORD1215,2024-01-28,,CUST4,Amit,mumbai,North,SP46,Megha,PROD89,Electronics,Watch,1.0,500.0,500.0
ORD1216,2024-02-20,Online,CUST108,Sara,Bengaluru,East,SP14,,PROD83,,Watch,,-100.0,
ORD1217,2024-02-01,Offline,CUST126,John,,South,SP45,Sam,PROD23,Clothing,shirt,,2000.0,
ORD1218,2024-07-25,Store,CUST28,priya,Hyderabad,North,SP46,Anita,PROD72,electronics,shirt,1.0,2500.0,2500.0
ORD1219,2024-06-22,store,CUST111,Priya,Hyderabad,South,SP32,Megha,PROD22,Electronics,Sofa,3.0,500.0,1500.0
ORD1220,2024-02-25,ONLINE,CUST93,Amit,Mumbai,North,SP21,Sam,PROD63,,TV,,2500.0,
ORD1221,2024-05-07,,CUST163,Amit,Mumbai,East,SP31,,PROD37,,Sofa,2.0,2000.0,4000.0
ORD1222,2024-04-08,Online,CUST118,Priya,Delhi,East,SP23,Raj,PROD18,Electronics,Shirt,4.0,,
ORD1223,2024-04-07,Offline,CUST182,,Delhi,NORTH,SP36,Sam,PROD24,electronics,shirt,3.0,-100.0,-300.0
ORD1224,2024-10-01,Store,CUST40,Amit,,West,SP47,Raj,PROD41,Clothing,Laptop,3.0,2000.0,6000.0
ORD1225,2024-08-17,store,CUST112,Priya,Hyderabad,NORTH,SP18,Raj,PROD58,Clothing,TV,4.0,500.0,2000.0
ORD1226,2024-03-12,ONLINE,CUST46,Priya,Mumbai,West,SP19,,PROD80,Home,shirt,1.0,,
ORD1227,2024-08-04,,CUST188,Priya,mumbai,East,SP8,Raj,PROD7,Home,Sofa,1.0,2000.0,2000.0
ORD1228,2024-04-03,Online,CUST134,Sara,Mumbai,North,SP37,Raj,PROD46,Home,Shirt,-1.0,,
ORD1229,2024-05-22,Offline,CUST167,John,Bengaluru,,SP44,Anita,PROD2,electronics,Shirt,2.0,,
ORD1230,2024-08-24,Store,CUST70,John,Chennai,South,SP35,Megha,PROD63,Home,TV,-1.0,2500.0,-2500.0
ORD1231,2024-05-07,store,CUST158,David,mumbai,East,SP25,,PROD18,Home,Shirt,1.0,2500.0,2500.0
ORD1232,2024-02-08,ONLINE,CUST138,Sara,Chennai,East,SP26,Megha,PROD25,electronics,,-1.0,500.0,-500.0
ORD1233,2024-08-14,,CUST199,David,Chennai,North,SP23,Raj,PROD50,Home,,3.0,2000.0,6000.0
ORD1234,2024-10-08,Online,CUST124,priya,Hyderabad,,SP50,,PROD72,Clothing,Shirt,3.0,-100.0,-300.0
ORD1235,2024-02-20,Offline,CUST120,,Chennai,East,SP10,Megha,PROD65,Electronics,Shirt,-1.0,1500.0,-1500.0
ORD1236,2024-01-26,Store,CUST112,John,Chennai,East,SP19,Raj,PROD84,Clothing,Shirt,,2000.0,
ORD1237,2024-10-03,store,CUST188,John,Bengaluru,North,SP3,Megha,PROD64,Clothing,,3.0,,
ORD1238,2024-01-08,ONLINE,CUST152,John,Delhi,East,SP19,Sam,PROD53,,Sofa,4.0,500.0,2000.0
ORD1239,2024-02-17,,CUST69,Amit,,West,SP46,Anita,PROD88,Electronics,,,500.0,
ORD1240,2024-05-01,Online,CUST83,David,Hyderabad,West,SP6,Kevin,PROD63,Clothing,shirt,1.0,1500.0,1500.0
ORD1241,2024-03-26,Offline,CUST63,,Mumbai,,SP23,Raj,PROD54,Electronics,shirt,1.0,,
ORD1242,2024-07-27,Store,CUST23,Sara,Bengaluru,West,SP29,Sam,PROD91,Clothing,TV,-1.0,,
ORD1243,2024-09-05,store,CUST72,David,Chennai,West,SP42,,PROD57,electronics,,-1.0,500.0,-500.0
ORD1244,2024-09-03,ONLINE,CUST116,priya,Mumbai,East,SP17,,PROD63,electronics,Laptop,1.0,-100.0,-100.0
ORD1245,2024-04-19,,CUST63,John,Bengaluru,South,SP48,Sam,PROD22,Home,Laptop,1.0,500.0,500.0
ORD1246,2024-07-24,Online,CUST193,Sara,mumbai,West,SP31,Anita,PROD11,electronics,Shirt,-1.0,1500.0,-1500.0
ORD1247,2024-01-31,Offline,CUST119,David,mumbai,,SP14,,PROD73,Electronics,shirt,2.0,-100.0,-200.0
ORD1248,2024-03-25,Store,CUST146,John,Hyderabad,West,SP13,Anita,PROD4,,Sofa,,-100.0,
ORD1249,2024-07-13,store,CUST157,John,Chennai,East,SP35,Raj,PROD98,Home,,,1500.0,
ORD1250,2024-01-02,ONLINE,CUST172,Sara,Hyderabad,NORTH,SP18,Raj,PROD29,Clothing,,2.0,-100.0,-200.0
ORD1251,2024-07-18,,CUST98,priya,mumbai,East,SP36,Sam,PROD38,electronics,Shirt,3.0,2500.0,3750.0
ORD1252,2024-05-15,Online,CUST87,Priya,Bengaluru,North,SP45,Sam,PROD5,Home,Shirt,3.0,500.0,750.0
ORD1253,2024-08-20,Offline,CUST8,Sara,Mumbai,,SP18,Anita,PROD36,electronics,shirt,4.0,1500.0,6000.0
ORD1254,2024-05-26,Store,CUST127,Priya,Delhi,West,SP9,Raj,PROD29,Home,Sofa,5.0,,
ORD1255,2024-08-04,store,CUST84,priya,Chennai,North,SP7,Raj,PROD69,Electronics,Watch,3.0,-100.0,-300.0
ORD1256,2024-10-11,ONLINE,CUST47,Amit,Hyderabad,West,SP40,Sam,PROD37,Electronics,shirt,,-100.0,
ORD1257,2024-09-06,,CUST125,,Mumbai,NORTH,SP48,,PROD22,Clothing,TV,1.0,2500.0,2500.0
ORD1258,2024-03-20,Online,CUST55,Sara,Mumbai,South,SP38,Kevin,PROD100,Home,Laptop,3.0,-100.0,-150.0
ORD1259,2024-04-07,Offline,CUST91,Priya,Delhi,NORTH,SP16,Sam,PROD59,,Sofa,-1.0,500.0,-500.0
ORD1260,2024-05-31,Store,CUST67,priya,Bengaluru,East,SP16,Kevin,PROD73,Electronics,Laptop,3.0,-100.0,-150.0
ORD1261,2024-04-21,store,CUST88,David,Delhi,East,SP4,Raj,PROD96,Clothing,,2.0,-100.0,-100.0
ORD1262,2024-01-30,ONLINE,CUST72,John,,North,SP43,Sam,PROD99,Home,Sofa,1.0,1500.0,1500.0
ORD1263,2024-10-23,,CUST153,Amit,Delhi,North,SP34,,PROD99,Clothing,shirt,4.0,500.0,2000.0
ORD1264,2024-10-04,Online,CUST180,Sara,,East,SP15,,PROD64,Electronics,Sofa,4.0,2500.0,10000.0
ORD1265,2024-02-01,Offline,CUST71,Priya,Bengaluru,,SP41,Anita,PROD71,Clothing,,4.0,-100.0,-400.0
ORD1266,2024-06-09,Store,CUST143,David,Bengaluru,East,SP15,Megha,PROD66,Home,Watch,3.0,2000.0,6000.0
ORD1267,2024-01-30,store,CUST3,Priya,Bengaluru,East,SP4,Raj,PROD15,electronics,,-1.0,500.0,-500.0
ORD1268,2024-01-26,ONLINE,CUST133,priya,Mumbai,West,SP7,Raj,PROD74,,Shirt,4.0,500.0,2000.0
ORD1269,2024-10-26,,CUST49,Sara,Mumbai,NORTH,SP27,Sam,PROD15,Electronics,,,500.0,
ORD1270,2024-09-01,Online,CUST22,priya,Chennai,,SP22,Megha,PROD35,Home,TV,-1.0,500.0,-500.0
ORD1271,2024-09-14,Offline,CUST62,Priya,mumbai,West,SP46,Megha,PROD100,Home,Watch,4.0,1500.0,6000.0
ORD1272,2024-09-28,Store,CUST185,Sara,Chennai,South,SP31,Megha,PROD70,Clothing,,-1.0,2000.0,-2000.0
ORD1273,2024-03-21,store,CUST105,,Delhi,,SP7,Sam,PROD47,Electronics,Laptop,4.0,,
ORD1274,2024-01-30,ONLINE,CUST126,Priya,Delhi,West,SP44,Sam,PROD70,electronics,TV,,500.0,
ORD1275,2024-09-17,,CUST143,John,Chennai,East,SP50,Kevin,PROD97,electronics,Shirt,-1.0,,
ORD1276,2024-02-11,Online,CUST195,Sara,Hyderabad,West,SP9,Kevin,PROD6,,shirt,2.0,1500.0,3000.0
ORD1277,2024-04-05,Offline,CUST62,,mumbai,North,SP1,Kevin,PROD98,,Watch,1.0,2000.0,2000.0
ORD1278,2024-02-05,Store,CUST177,Sara,Delhi,,SP36,Anita,PROD93,Clothing,Sofa,2.0,2500.0,5000.0
ORD1279,2024-02-04,store,CUST122,Amit,Hyderabad,East,SP11,Raj,PROD57,Electronics,Laptop,,2500.0,
ORD1280,2024-04-30,ONLINE,CUST166,John,Hyderabad,NORTH,SP27,Kevin,PROD70,electronics,,,2500.0,
ORD1281,2024-07-25,,CUST183,Sara,,West,SP42,Anita,PROD28,Electronics,,1.0,-100.0,-100.0
ORD1282,2024-03-02,Online,CUST126,David,mumbai,East,SP31,Anita,PROD55,Clothing,Watch,-1.0,2500.0,-1250.0
ORD1283,2024-10-18,Offline,CUST115,Priya,,,SP31,Sam,PROD14,Electronics,Watch,2.0,2500.0,5000.0
ORD1284,2024-05-06,Store,CUST5,David,Bengaluru,North,SP42,Megha,PROD95,Electronics,TV,1.0,2000.0,2000.0
ORD1285,2024-10-23,store,CUST24,Priya,Mumbai,North,SP13,,PROD84,Electronics,Laptop,4.0,500.0,2000.0
ORD1286,2024-01-21,ONLINE,CUST76,priya,Chennai,,SP49,Megha,PROD97,Clothing,Laptop,5.0,2500.0,12500.0
ORD1287,2024-02-11,,CUST57,Priya,,,SP19,Kevin,PROD32,Clothing,,4.0,-100.0,-200.0
ORD1288,2024-08-02,Online,CUST104,Amit,mumbai,West,SP21,,PROD39,Clothing,Laptop,-1.0,500.0,-500.0
ORD1289,2024-10-25,Offline,CUST178,,Mumbai,East,SP19,Raj,PROD5,electronics,,5.0,,
ORD1290,2024-10-16,Store,CUST63,priya,Chennai,NORTH,SP42,,PROD58,Home,TV,,500.0,
ORD1291,2024-09-24,store,CUST79,Sara,Mumbai,,SP4,,PROD34,Electronics,Laptop,4.0,-100.0,-200.0
ORD1292,2024-06-10,ONLINE,CUST170,Priya,Chennai,,SP50,Raj,PROD45,,TV,2.0,-100.0,-200.0
ORD1293,2024-05-13,,CUST149,Amit,Mumbai,South,SP6,Raj,PROD12,,Sofa,5.0,,
ORD1294,2024-04-14,Online,CUST95,David,,North,SP42,Anita,PROD57,Home,TV,4.0,500.0,2000.0
ORD1295,2024-06-09,Offline,CUST122,,Bengaluru,South,SP37,Anita,PROD16,Electronics,Shirt,-1.0,-100.0,100.0
ORD1296,2024-05-02,Store,CUST142,priya,Hyderabad,NORTH,SP15,Anita,PROD100,Electronics,shirt,3.0,,
ORD1297,2024-05-15,store,CUST136,,Chennai,,SP35,Sam,PROD31,Electronics,Laptop,5.0,500.0,2500.0
ORD1298,2024-07-21,ONLINE,CUST89,priya,Hyderabad,West,SP48,Anita,PROD27,Clothing,Shirt,1.0,-100.0,-100.0
ORD1299,2024-03-08,,CUST109,Amit,Chennai,North,SP47,Raj,PROD95,electronics,Shirt,-1.0,500.0,-500.0
ORD1300,2024-06-02,Online,CUST191,David,mumbai,South,SP3,,PROD76,Clothing,,,2000.0,
ORD1301,2024-08-22,Offline,CUST141,priya,mumbai,North,SP12,Raj,PROD89,Electronics,Sofa,-1.0,,
ORD1302,2024-06-10,Store,CUST85,Sara,Chennai,South,SP27,,PROD45,Home,Watch,,500.0,
ORD1303,2024-02-07,store,CUST91,,Bengaluru,,SP12,Megha,PROD91,Electronics,Sofa,2.0,2000.0,4000.0
ORD1304,2024-01-05,ONLINE,CUST180,Priya,Mumbai,East,SP3,Raj,PROD79,Electronics,shirt,4.0,-100.0,-400.0
ORD1305,2024-08-22,,CUST117,,Chennai,East,SP26,Anita,PROD81,electronics,TV,4.0,2000.0,4000.0
ORD1306,2024-10-15,Online,CUST70,,Mumbai,West,SP32,Anita,PROD55,Electronics,shirt,1.0,,
ORD1307,2024-02-21,Offline,CUST79,John,Bengaluru,NORTH,SP12,,PROD22,Clothing,TV,4.0,500.0,1000.0
ORD1308,2024-02-07,Store,CUST65,David,Delhi,North,SP48,Kevin,PROD79,,Laptop,4.0,2000.0,8000.0
ORD1309,2024-10-02,store,CUST60,,,NORTH,SP19,Sam,PROD18,electronics,Shirt,1.0,2500.0,2500.0
ORD1310,2024-04-19,ONLINE,CUST31,Priya,Hyderabad,South,SP3,Raj,PROD27,electronics,Sofa,1.0,2500.0,2500.0
ORD1311,2024-09-16,,CUST185,John,Chennai,,SP1,Sam,PROD27,electronics,Watch,3.0,2500.0,7500.0
ORD1312,2024-05-15,Online,CUST50,priya,,West,SP20,Raj,PROD8,Electronics,Sofa,,-100.0,
ORD1313,2024-03-08,Offline,CUST81,John,mumbai,East,SP37,Megha,PROD73,electronics,Laptop,3.0,500.0,1500.0
ORD1314,2024-06-27,Store,CUST31,David,Bengaluru,East,SP39,Megha,PROD45,electronics,,1.0,2500.0,2500.0
ORD1315,2024-02-05,store,CUST191,Priya,Mumbai,West,SP7,,PROD69,Clothing,Sofa,,1500.0,
ORD1316,2024-05-05,ONLINE,CUST138,priya,Chennai,North,SP22,Sam,PROD36,Home,Watch,-1.0,,
ORD1317,2024-07-08,,CUST196,,,NORTH,SP19,Anita,PROD77,Clothing,Watch,,1500.0,
ORD1318,2024-05-25,Online,CUST177,priya,Mumbai,South,SP30,Kevin,PROD69,Clothing,Shirt,5.0,1500.0,7500.0
ORD1319,2024-03-21,Offline,CUST48,,Delhi,NORTH,SP42,Raj,PROD22,Home,Shirt,-1.0,-100.0,100.0
ORD1320,2024-08-12,Store,CUST50,priya,Chennai,East,SP35,Raj,PROD42,Home,Laptop,,2500.0,
ORD1321,2024-10-05,store,CUST56,priya,Hyderabad,West,SP34,,PROD91,electronics,,5.0,,
ORD1322,2024-06-03,ONLINE,CUST190,,Chennai,East,SP32,Kevin,PROD38,Clothing,Shirt,,2000.0,
ORD1323,2024-09-27,,CUST124,John,Hyderabad,,SP9,Sam,PROD38,Electronics,shirt,5.0,-100.0,-500.0
ORD1324,2024-01-05,Online,CUST71,priya,Mumbai,East,SP33,Sam,PROD74,,,2.0,1500.0,3000.0
ORD1325,2024-10-10,Offline,CUST186,Amit,Chennai,South,SP30,,PROD35,,shirt,,2000.0,
ORD1326,2024-06-02,Store,CUST151,priya,,North,SP18,Raj,PROD66,,TV,-1.0,-100.0,100.0
ORD1327,2024-02-23,store,CUST195,priya,Bengaluru,North,SP13,Megha,PROD87,Clothing,Shirt,3.0,-100.0,-300.0
ORD1328,2024-03-09,ONLINE,CUST135,Amit,mumbai,,SP8,Kevin,PROD13,Home,TV,5.0,-100.0,-500.0
ORD1329,2024-05-15,,CUST153,Priya,Bengaluru,South,SP22,Raj,PROD18,electronics,Sofa,5.0,2000.0,5000.0
ORD1330,2024-02-29,Online,CUST73,,Delhi,West,SP11,Megha,PROD97,electronics,TV,,500.0,
ORD1331,2024-02-24,Offline,CUST26,Sara,Bengaluru,NORTH,SP47,Sam,PROD53,,Laptop,,,
ORD1332,2024-10-10,Store,CUST50,Amit,,West,SP30,Megha,PROD8,electronics,,5.0,,
ORD1333,2024-03-20,store,CUST76,David,Delhi,NORTH,SP42,,PROD36,Electronics,Watch,1.0,1500.0,1500.0
ORD1334,2024-05-19,ONLINE,CUST59,Priya,Mumbai,North,SP17,Anita,PROD84,Electronics,,4.0,500.0,2000.0
ORD1335,2024-05-24,,CUST93,priya,Hyderabad,East,SP46,Raj,PROD17,Home,Laptop,,500.0,
ORD1336,2024-04-17,Online,CUST46,John,mumbai,East,SP12,Kevin,PROD90,electronics,,,500.0,
ORD1337,2024-06-24,Offline,CUST78,Amit,Mumbai,,SP1,Megha,PROD17,Clothing,Laptop,2.0,,
ORD1338,2024-04-14,Store,CUST4,Priya,Hyderabad,West,SP48,Sam,PROD32,electronics,shirt,4.0,,
ORD1339,2024-05-15,store,CUST182,Priya,Hyderabad,South,SP22,Megha,PROD19,Clothing,Laptop,3.0,2500.0,7500.0
ORD1340,2024-09-15,ONLINE,CUST137,priya,Delhi,NORTH,SP19,Sam,PROD92,,shirt,,,
ORD1341,2024-09-07,,CUST33,Sara,,East,SP37,Anita,PROD42,Clothing,Laptop,,,
ORD1342,2024-05-08,Online,CUST71,John,Bengaluru,,SP44,,PROD32,,Shirt,,500.0,
ORD1343,2024-01-27,Offline,CUST12,John,Bengaluru,West,SP49,Sam,PROD98,Electronics,shirt,4.0,2000.0,8000.0
ORD1344,2024-02-17,Store,CUST14,John,mumbai,South,SP13,Kevin,PROD87,electronics,Sofa,2.0,1500.0,3000.0
ORD1345,2024-08-04,store,CUST142,,,North,SP12,Anita,PROD51,Home,Watch,-1.0,-100.0,100.0
ORD1346,2024-05-21,ONLINE,CUST75,David,mumbai,South,SP40,,PROD63,electronics,TV,-1.0,-100.0,100.0
ORD1347,2024-01-23,,CUST179,Priya,,North,SP41,Megha,PROD19,,,5.0,-100.0,-500.0
ORD1348,2024-01-02,Online,CUST33,David,Delhi,West,SP26,,PROD74,electronics,,5.0,2000.0,10000.0
ORD1349,2024-06-19,Offline,CUST164,David,Delhi,South,SP28,,PROD81,Home,,1.0,1500.0,1500.0
ORD1350,2024-03-07,Store,CUST193,Priya,Mumbai,,SP33,Raj,PROD35,,shirt,1.0,2500.0,2500.0
ORD1351,2024-05-14,store,CUST126,,Delhi,West,SP21,Sam,PROD81,,TV,,-100.0,
ORD1352,2024-03-23,ONLINE,CUST27,John,Bengaluru,North,SP6,,PROD54,Home,Sofa,2.0,,
ORD1353,2024-08-14,,CUST4,Priya,Delhi,,SP26,Kevin,PROD49,electronics,Laptop,5.0,1500.0,7500.0
ORD1354,2024-10-09,Online,CUST147,,Delhi,East,SP43,Raj,PROD58,Home,shirt,-1.0,1500.0,-1500.0
ORD1355,2024-08-06,Offline,CUST73,Sara,Hyderabad,,SP7,Raj,PROD10,Clothing,Laptop,4.0,1500.0,6000.0
ORD1356,2024-10-14,Store,CUST121,,Delhi,East,SP12,Anita,PROD82,Electronics,Watch,-1.0,1500.0,-1500.0
ORD1357,2024-01-05,store,CUST123,Priya,,,SP9,Megha,PROD99,Home,,4.0,,
ORD1358,2024-02-27,ONLINE,CUST113,priya,,North,SP31,Raj,PROD12,,TV,-1.0,2000.0,-2000.0
ORD1359,2024-02-08,,CUST88,,mumbai,NORTH,SP21,Kevin,PROD52,Clothing,Laptop,2.0,1500.0,1500.0
ORD1360,2024-03-17,Online,CUST48,Priya,Mumbai,NORTH,SP16,Sam,PROD66,Electronics,Shirt,1.0,500.0,500.0
ORD1361,2024-10-06,Offline,CUST14,,Delhi,East,SP1,Sam,PROD96,Home,Watch,-1.0,1500.0,-750.0
ORD1362,2024-01-19,Store,CUST65,Amit,,East,SP17,Sam,PROD36,Electronics,,4.0,-100.0,-400.0
ORD1363,2024-07-08,store,CUST123,Sara,mumbai,South,SP25,Anita,PROD89,electronics,Shirt,3.0,,
ORD1364,2024-10-25,ONLINE,CUST30,Amit,Chennai,,SP16,Kevin,PROD48,,shirt,2.0,500.0,1000.0
ORD1365,2024-10-09,,CUST17,John,Chennai,,SP29,Raj,PROD59,Home,shirt,3.0,,
ORD1366,2024-03-16,Online,CUST103,,,,SP49,,PROD63,,shirt,3.0,2500.0,7500.0
ORD1367,2024-08-08,Offline,CUST126,John,Hyderabad,,SP18,Kevin,PROD42,Clothing,Shirt,1.0,-100.0,-100.0
ORD1368,2024-03-06,Store,CUST19,,,South,SP22,Anita,PROD75,Clothing,Sofa,5.0,,
ORD1369,2024-01-22,store,CUST148,priya,Hyderabad,East,SP20,Anita,PROD1,Electronics,Sofa,2.0,500.0,1000.0
ORD1370,2024-06-06,ONLINE,CUST162,priya,Chennai,NORTH,SP38,Megha,PROD100,Clothing,,5.0,2000.0,10000.0
ORD1371,2024-07-05,,CUST176,priya,mumbai,South,SP47,Kevin,PROD94,Clothing,Shirt,,-100.0,
ORD1372,2024-01-21,Online,CUST14,Sara,Hyderabad,North,SP37,Sam,PROD12,Home,Sofa,4.0,500.0,2000.0
ORD1373,2024-07-02,Offline,CUST39,,mumbai,South,SP1,Anita,PROD94,,Shirt,4.0,2000.0,4000.0
ORD1374,2024-04-17,Store,CUST39,,mumbai,South,SP17,Anita,PROD59,Electronics,Laptop,-1.0,500.0,-500.0
ORD1375,2024-05-07,store,CUST145,David,Hyderabad,South,SP42,Megha,PROD82,Clothing,Sofa,2.0,1500.0,3000.0
ORD1376,2024-02-22,ONLINE,CUST78,Priya,Bengaluru,West,SP24,,PROD86,,Shirt,1.0,-100.0,-50.0
ORD1377,2024-06-30,,CUST22,Amit,,North,SP45,Sam,PROD90,electronics,shirt,4.0,,
ORD1378,2024-10-13,Online,CUST64,,mumbai,East,SP16,,PROD46,Home,Watch,4.0,2500.0,10000.0
ORD1379,2024-07-27,Offline,CUST31,Sara,Bengaluru,NORTH,SP4,Anita,PROD9,Clothing,,-1.0,2000.0,-2000.0
ORD1380,2024-03-20,Store,CUST143,Amit,Delhi,NORTH,SP43,Raj,PROD69,Clothing,Watch,5.0,2000.0,5000.0
ORD1381,2024-05-01,store,CUST196,Priya,Chennai,East,SP8,Sam,PROD51,Clothing,Sofa,4.0,1500.0,6000.0
ORD1382,2024-03-24,ONLINE,CUST107,David,Mumbai,West,SP30,Kevin,PROD28,,Watch,1.0,-100.0,-100.0
ORD1383,2024-03-31,,CUST156,Amit,Chennai,NORTH,SP20,Megha,PROD55,Home,TV,-1.0,-100.0,100.0
ORD1384,2024-07-30,Online,CUST153,Sara,Chennai,South,SP11,,PROD28,Home,TV,4.0,1500.0,6000.0
ORD1385,2024-01-13,Offline,CUST159,Priya,mumbai,NORTH,SP26,Raj,PROD64,,Watch,4.0,500.0,2000.0
ORD1386,2024-04-01,Store,CUST58,priya,Bengaluru,North,SP44,Raj,PROD35,Electronics,shirt,3.0,2000.0,6000.0
ORD1387,2024-06-19,store,CUST199,priya,,North,SP33,Kevin,PROD42,Home,,1.0,,
ORD1388,2024-07-29,ONLINE,CUST134,priya,Bengaluru,East,SP46,Megha,PROD37,,,4.0,500.0,2000.0
ORD1389,2024-05-07,,CUST98,Priya,Hyderabad,West,SP50,Anita,PROD44,,Shirt,,1500.0,
ORD1390,2024-05-16,Online,CUST116,David,Mumbai,,SP20,,PROD71,Clothing,Watch,,2000.0,
ORD1391,2024-03-22,Offline,CUST114,Sara,Bengaluru,,SP45,,PROD74,,shirt,1.0,2500.0,2500.0
ORD1392,2024-02-25,Store,CUST77,,Hyderabad,West,SP8,Megha,PROD17,Clothing,Watch,1.0,2500.0,2500.0
ORD1393,2024-07-14,store,CUST151,priya,Mumbai,NORTH,SP41,,PROD73,electronics,Watch,4.0,2000.0,8000.0
ORD1394,2024-01-20,ONLINE,CUST110,Priya,Bengaluru,West,SP19,Anita,PROD63,,Shirt,4.0,,
ORD1395,2024-08-28,,CUST79,Amit,Chennai,West,SP24,Kevin,PROD44,Home,Shirt,1.0,-100.0,-100.0
ORD1396,2024-04-23,Online,CUST146,priya,Chennai,NORTH,SP40,Kevin,PROD88,Clothing,shirt,5.0,2000.0,10000.0
ORD1397,2024-04-12,Offline,CUST159,John,Mumbai,North,SP15,Raj,PROD98,electronics,TV,5.0,-100.0,-500.0
ORD1398,2024-08-23,Store,CUST16,Sara,Mumbai,South,SP15,Raj,PROD7,Electronics,Sofa,1.0,,
ORD1399,2024-06-28,store,CUST157,Amit,Bengaluru,East,SP9,Raj,PROD6,Electronics,TV,-1.0,1500.0,-1500.0
ORD1400,2024-06-05,ONLINE,CUST190,David,,,SP31,Kevin,PROD13,Electronics,Shirt,1.0,,
ORD1401,2024-04-26,,CUST26,David,Bengaluru,North,SP10,Anita,PROD81,Clothing,Shirt,-1.0,,
ORD1402,2024-04-24,Online,CUST196,Priya,Mumbai,West,SP30,Kevin,PROD59,,shirt,5.0,2000.0,10000.0
ORD1403,2024-01-13,Offline,CUST54,David,mumbai,West,SP48,Kevin,PROD3,Clothing,Shirt,5.0,2000.0,10000.0
ORD1404,2024-04-08,Store,CUST161,John,,,SP39,Raj,PROD16,Electronics,,,2500.0,
ORD1405,2024-07-23,store,CUST55,priya,,NORTH,SP24,Megha,PROD21,,Shirt,3.0,1500.0,4500.0
ORD1406,2024-06-17,ONLINE,CUST68,Amit,Mumbai,East,SP27,Raj,PROD57,electronics,Shirt,5.0,500.0,2500.0
ORD1407,2024-05-22,,CUST170,priya,Hyderabad,South,SP45,Megha,PROD59,Electronics,shirt,5.0,2000.0,10000.0
ORD1408,2024-02-05,Online,CUST21,,Hyderabad,NORTH,SP36,Anita,PROD1,Home,shirt,2.0,1500.0,3000.0
ORD1409,2024-05-22,Offline,CUST41,Sara,Hyderabad,,SP31,Anita,PROD55,,shirt,,1500.0,
ORD1410,2024-06-28,Store,CUST62,priya,Chennai,NORTH,SP49,Sam,PROD26,Clothing,Shirt,,-100.0,
ORD1411,2024-09-17,store,CUST45,Priya,Chennai,South,SP35,Sam,PROD89,Clothing,Laptop,4.0,-100.0,-400.0
ORD1412,2024-07-23,ONLINE,CUST142,priya,Hyderabad,South,SP43,Sam,PROD17,Home,Laptop,3.0,-100.0,-300.0
ORD1413,2024-10-01,,CUST20,Sara,Hyderabad,West,SP14,Anita,PROD84,Clothing,Watch,3.0,2500.0,7500.0
ORD1414,2024-06-18,Online,CUST41,Amit,,NORTH,SP49,Raj,PROD39,Home,,-1.0,2000.0,-2000.0
ORD1415,2024-01-15,Offline,CUST1,John,mumbai,North,SP16,Raj,PROD21,Electronics,Laptop,1.0,2000.0,1000.0
ORD1416,2024-02-29,Store,CUST105,Amit,Mumbai,North,SP44,Raj,PROD36,Electronics,TV,-1.0,1500.0,-1500.0
ORD1417,2024-05-13,store,CUST116,Amit,Chennai,NORTH,SP49,Kevin,PROD12,Clothing,,2.0,-100.0,-200.0
ORD1418,2024-04-01,ONLINE,CUST177,Priya,,South,SP39,Sam,PROD84,,,-1.0,-100.0,100.0
ORD1419,2024-10-24,,CUST153,Sara,Hyderabad,East,SP6,Raj,PROD47,Clothing,,4.0,2000.0,8000.0
ORD1420,2024-05-15,Online,CUST121,Amit,mumbai,South,SP34,Sam,PROD33,Electronics,,3.0,2500.0,7500.0
ORD1421,2024-01-20,Offline,CUST75,Amit,Delhi,South,SP29,Sam,PROD11,,Watch,5.0,2500.0,12500.0
ORD1422,2024-02-25,Store,CUST9,John,Bengaluru,East,SP34,Kevin,PROD48,Home,Sofa,-1.0,2500.0,-2500.0
ORD1423,2024-08-10,store,CUST60,David,Hyderabad,,SP46,Anita,PROD86,Electronics,shirt,5.0,2000.0,10000.0
ORD1424,2024-06-25,ONLINE,CUST74,John,Chennai,South,SP24,Raj,PROD84,Home,Shirt,5.0,2000.0,10000.0
ORD1425,2024-06-09,,CUST181,Sara,Hyderabad,East,SP5,Kevin,PROD22,electronics,shirt,4.0,2500.0,10000.0
ORD1426,2024-08-11,Online,CUST73,Sara,Delhi,NORTH,SP37,Anita,PROD7,,Laptop,,,
ORD1427,2024-09-18,Offline,CUST180,Priya,Mumbai,East,SP8,Anita,PROD51,Electronics,shirt,,500.0,
ORD1428,2024-02-29,Store,CUST117,priya,Chennai,North,SP4,Raj,PROD81,Home,TV,3.0,1500.0,4500.0
ORD1429,2024-07-16,store,CUST19,priya,Mumbai,East,SP36,,PROD40,Home,shirt,,-100.0,
ORD1430,2024-10-22,ONLINE,CUST176,priya,,South,SP33,Sam,PROD93,Home,Sofa,4.0,,
ORD1431,2024-04-07,,CUST60,David,,,SP13,Megha,PROD90,Clothing,Shirt,1.0,500.0,500.0
ORD1432,2024-05-10,Online,CUST68,Sara,Bengaluru,NORTH,SP37,Sam,PROD97,Clothing,Shirt,1.0,2000.0,1000.0
ORD1433,2024-01-23,Offline,CUST161,David,mumbai,East,SP35,Sam,PROD30,electronics,Sofa,-1.0,1500.0,-1500.0
ORD1434,2024-08-11,Store,CUST151,priya,Mumbai,South,SP10,Megha,PROD55,electronics,Sofa,,,
ORD1435,2024-01-01,store,CUST170,priya,Hyderabad,,SP11,,PROD84,Home,Sofa,2.0,1500.0,3000.0
ORD1436,2024-09-23,ONLINE,CUST51,John,mumbai,East,SP21,Anita,PROD12,Clothing,shirt,1.0,2000.0,2000.0
ORD1437,2024-10-02,,CUST109,Sara,Delhi,NORTH,SP34,Megha,PROD91,,TV,3.0,-100.0,-300.0
ORD1438,2024-04-10,Online,CUST30,priya,Mumbai,NORTH,SP29,Megha,PROD13,,Watch,3.0,-100.0,-300.0
ORD1439,2024-07-05,Offline,CUST140,Amit,Delhi,North,SP8,Kevin,PROD1,Home,shirt,-1.0,500.0,-500.0
ORD1440,2024-08-08,Store,CUST58,,mumbai,NORTH,SP44,Kevin,PROD28,Clothing,Watch,,-100.0,
ORD1441,2024-02-05,store,CUST166,Sara,Chennai,,SP14,Kevin,PROD62,,,-1.0,500.0,-500.0
ORD1442,2024-06-18,ONLINE,CUST39,David,Chennai,South,SP46,Anita,PROD10,Clothing,Laptop,3.0,500.0,1500.0
ORD1443,2024-06-09,,CUST69,Sara,Hyderabad,NORTH,SP38,Megha,PROD17,electronics,Shirt,5.0,,
ORD1444,2024-03-04,Online,CUST37,Priya,Hyderabad,NORTH,SP32,Raj,PROD76,Home,shirt,5.0,-100.0,-500.0
ORD1445,2024-06-02,Offline,CUST19,Amit,Hyderabad,South,SP6,Megha,PROD29,Home,shirt,3.0,500.0,1500.0
ORD1446,2024-09-16,Store,CUST16,priya,Delhi,South,SP33,Anita,PROD67,Clothing,Laptop,,,
ORD1447,2024-06-07,store,CUST43,Priya,Bengaluru,,SP29,Kevin,PROD88,Clothing,shirt,1.0,,
ORD1448,2024-07-28,ONLINE,CUST79,John,Bengaluru,NORTH,SP4,Anita,PROD57,Electronics,Watch,1.0,2500.0,2500.0
ORD1449,2024-06-16,,CUST153,Sara,Bengaluru,,SP30,Kevin,PROD2,,shirt,2.0,,
ORD1450,2024-07-25,Online,CUST192,Sara,Chennai,NORTH,SP9,Anita,PROD2,electronics,,4.0,1500.0,3000.0
ORD1451,2024-05-31,Offline,CUST146,John,Chennai,East,SP33,Raj,PROD90,,Sofa,2.0,500.0,1000.0
ORD1452,2024-10-10,Store,CUST74,,,NORTH,SP27,Kevin,PROD44,Electronics,shirt,-1.0,,
ORD1453,2024-03-06,store,CUST113,Priya,Bengaluru,North,SP30,Kevin,PROD16,Clothing,Shirt,,2000.0,
ORD1454,2024-04-08,ONLINE,CUST32,Amit,mumbai,North,SP37,Megha,PROD55,,Watch,,,
ORD1455,2024-08-03,,CUST120,priya,Hyderabad,North,SP4,,PROD89,Home,Shirt,,,
ORD1456,2024-07-13,Online,CUST177,Priya,Mumbai,North,SP36,,PROD17,,,4.0,2500.0,10000.0
ORD1457,2024-03-30,Offline,CUST78,David,,,SP30,Anita,PROD62,Clothing,Laptop,1.0,-100.0,-100.0
ORD1458,2024-10-18,Store,CUST180,priya,mumbai,NORTH,SP44,Sam,PROD10,,,3.0,1500.0,4500.0
ORD1459,2024-06-03,store,CUST104,Priya,mumbai,East,SP20,Sam,PROD30,Electronics,shirt,5.0,2000.0,10000.0
ORD1460,2024-07-26,ONLINE,CUST70,Amit,Bengaluru,,SP47,Megha,PROD50,electronics,Watch,2.0,2500.0,5000.0
ORD1461,2024-10-07,,CUST129,Sara,Mumbai,South,SP2,Anita,PROD12,Clothing,Laptop,2.0,1500.0,3000.0
ORD1462,2024-01-01,Online,CUST139,Priya,Bengaluru,NORTH,SP26,Raj,PROD94,Home,Shirt,1.0,,
ORD1463,2024-06-04,Offline,CUST127,John,Mumbai,West,SP17,Megha,PROD14,Electronics,TV,-1.0,-100.0,100.0
ORD1464,2024-05-26,Store,CUST113,Amit,Hyderabad,NORTH,SP1,Kevin,PROD14,Clothing,Sofa,4.0,2000.0,8000.0
ORD1465,2024-04-17,store,CUST21,,mumbai,,SP48,Raj,PROD41,Home,Laptop,2.0,1500.0,3000.0
ORD1466,2024-08-08,ONLINE,CUST154,,Chennai,North,SP14,Anita,PROD48,Home,shirt,4.0,2500.0,10000.0
ORD1467,2024-10-23,,CUST11,Sara,Bengaluru,West,SP38,Kevin,PROD39,Clothing,Shirt,-1.0,,
ORD1468,2024-06-13,Online,CUST111,Amit,Bengaluru,,SP5,Sam,PROD18,Electronics,shirt,-1.0,,
ORD1469,2024-08-26,Offline,CUST189,priya,mumbai,NORTH,SP3,Anita,PROD49,Home,,2.0,500.0,1000.0
ORD1470,2024-08-14,Store,CUST83,John,,East,SP28,Kevin,PROD100,electronics,Watch,,2500.0,
ORD1471,2024-08-14,store,CUST155,priya,mumbai,,SP23,Anita,PROD97,Electronics,,3.0,2000.0,6000.0
ORD1472,2024-04-19,ONLINE,CUST65,priya,Hyderabad,East,SP45,Kevin,PROD18,Home,Laptop,1.0,,
ORD1473,2024-09-18,,CUST7,David,,West,SP5,Anita,PROD83,Clothing,shirt,-1.0,500.0,-500.0
ORD1474,2024-08-30,Online,CUST24,Amit,Delhi,South,SP35,,PROD87,Clothing,Shirt,4.0,-100.0,-400.0
ORD1475,2024-03-27,Offline,CUST59,Amit,Bengaluru,,SP4,Sam,PROD19,Electronics,shirt,1.0,1500.0,1500.0
ORD1476,2024-02-13,Store,CUST173,,Mumbai,West,SP5,Megha,PROD9,Home,TV,,,
ORD1477,2024-05-25,store,CUST148,Priya,Hyderabad,East,SP31,Kevin,PROD68,Home,Laptop,-1.0,-100.0,100.0
ORD1478,2024-09-20,ONLINE,CUST151,John,mumbai,West,SP3,Kevin,PROD73,Electronics,Shirt,,1500.0,
ORD1479,2024-06-20,,CUST6,John,Delhi,North,SP19,Sam,PROD2,Electronics,Laptop,5.0,,
ORD1480,2024-02-17,Online,CUST196,,Bengaluru,,SP27,,PROD79,Electronics,shirt,1.0,1500.0,1500.0
ORD1481,2024-04-30,Offline,CUST173,David,Bengaluru,North,SP12,Megha,PROD84,electronics,,-1.0,2500.0,-2500.0
ORD1482,2024-06-07,Store,CUST69,John,mumbai,South,SP50,Anita,PROD22,electronics,Shirt,4.0,1500.0,6000.0
ORD1483,2024-04-25,store,CUST148,Amit,mumbai,West,SP9,Kevin,PROD57,electronics,Sofa,4.0,1500.0,3000.0
ORD1484,2024-04-11,ONLINE,CUST11,,mumbai,West,SP50,Megha,PROD45,Clothing,,,,
ORD1485,2024-03-16,,CUST196,,Chennai,West,SP42,Anita,PROD93,electronics,Shirt,5.0,,
ORD1486,2024-01-13,Online,CUST194,David,Delhi,West,SP47,Kevin,PROD28,electronics,Shirt,5.0,-100.0,-500.0
ORD1487,2024-01-24,Offline,CUST45,John,Hyderabad,South,SP42,Kevin,PROD81,electronics,Shirt,2.0,1500.0,3000.0
ORD1488,2024-05-05,Store,CUST121,David,mumbai,East,SP27,,PROD96,Home,Watch,4.0,-100.0,-400.0
ORD1489,2024-08-31,store,CUST133,John,Mumbai,NORTH,SP24,,PROD20,,Shirt,1.0,-100.0,-100.0
ORD1490,2024-02-07,ONLINE,CUST167,,Bengaluru,South,SP25,,PROD53,electronics,Sofa,5.0,2500.0,12500.0
ORD1491,2024-08-21,,CUST114,,Hyderabad,East,SP29,Anita,PROD79,Electronics,,,2000.0,
ORD1492,2024-07-31,Online,CUST72,John,Chennai,,SP25,Sam,PROD88,electronics,TV,1.0,500.0,500.0
ORD1493,2024-10-21,Offline,CUST47,Priya,mumbai,East,SP25,Megha,PROD57,,Sofa,5.0,1500.0,7500.0
ORD1494,2024-04-09,Store,CUST150,,,,SP6,Kevin,PROD28,Clothing,TV,4.0,2500.0,10000.0
ORD1495,2024-07-15,store,CUST112,John,Bengaluru,East,SP44,Anita,PROD12,Clothing,,-1.0,1500.0,-1500.0
ORD1496,2024-09-10,ONLINE,CUST163,,,West,SP43,Kevin,PROD13,electronics,shirt,5.0,500.0,2500.0
ORD1497,2024-07-23,,CUST126,David,Delhi,South,SP35,Anita,PROD18,Electronics,Watch,4.0,2000.0,8000.0
ORD1498,2024-05-04,Online,CUST24,Amit,mumbai,East,SP9,Kevin,PROD97,Electronics,Watch,5.0,2000.0,10000.0
ORD1499,2024-03-16,Offline,CUST121,Priya,mumbai,NORTH,SP42,Raj,PROD16,Home,Watch,-1.0,1500.0,-1500.0
ORD1361,2024-10-06,Offline,CUST14,,Delhi,East,SP1,Sam,PROD96,Home,Watch,-1.0,1500.0,-750.0
ORD1073,2024-05-18,Offline,CUST107,Amit,mumbai,East,SP49,Raj,PROD67,,Sofa,1.0,500.0,500.0
ORD1374,2024-04-17,Store,CUST39,,mumbai,South,SP17,Anita,PROD59,Electronics,Laptop,-1.0,500.0,-500.0
ORD1155,2024-02-10,,CUST8,Amit,Delhi,,SP25,Anita,PROD27,,,,1500.0,
ORD1104,2024-03-11,Store,CUST100,Priya,mumbai,East,SP39,Anita,PROD67,Clothing,shirt,3.0,2500.0,7500.0
ORD1394,2024-01-20,ONLINE,CUST110,Priya,Bengaluru,West,SP19,Anita,PROD63,,Shirt,4.0,,
ORD1377,2024-06-30,,CUST22,Amit,,North,SP45,Sam,PROD90,electronics,shirt,4.0,,
ORD1124,2024-06-23,ONLINE,CUST35,Priya,Bengaluru,North,SP31,Megha,PROD22,Home,Laptop,,2500.0,
ORD1068,2024-09-30,Store,CUST107,Amit,Bengaluru,West,SP19,Sam,PROD13,Home,Sofa,-1.0,,
ORD1450,2024-07-25,Online,CUST192,Sara,Chennai,NORTH,SP9,Anita,PROD2,electronics,,4.0,1500.0,3000.0
